text,label
"This product exceeded all my expectations, absolutely love it!",positive
"Amazing quality and fast shipping, will buy again.",positive
"Best purchase I have made this year, highly recommend.",positive
"Works perfectly and looks even better in person.",positive
"Customer service was fantastic and very responsive.",positive
"Great value for the price, very satisfied.",positive
"I am so happy with this, it changed my daily routine.",positive
"Excellent build quality, feels premium.",positive
"Super easy to set up and use, love the design.",positive
"This exceeded my expectations in every way.",positive
"Five stars, could not be happier with this purchase.",positive
"The battery life is incredible, lasts all day.",positive
"Fantastic experience from start to finish.",positive
"Very comfortable and well made, worth every penny.",positive
"I would definitely recommend this to my friends.",positive
"The app is intuitive and a pleasure to use.",positive
"Delivery was fast and packaging was excellent.",positive
"This is exactly what I needed, works flawlessly.",positive
"Impressed by the attention to detail here.",positive
"Solid product, does exactly what it promises.",positive
"Terrible experience, the product broke after two days.",negative
"Very disappointed, this was a complete waste of money.",negative
"The customer service was rude and unhelpful.",negative
"Poor quality materials, fell apart quickly.",negative
"I regret buying this, does not work as advertised.",negative
"Awful, never buying from this brand again.",negative
"The shipping took forever and the box arrived damaged.",negative
"This is the worst product I have ever purchased.",negative
"Complete disappointment, do not waste your time.",negative
"It stopped working after just one week.",negative
"Horrible design and confusing instructions.",negative
"Not worth the price at all, very cheaply made.",negative
"I am extremely frustrated with this purchase.",negative
"The app constantly crashes and is unusable.",negative
"Bad experience overall, would not recommend.",negative
"This was a huge letdown compared to the reviews.",negative
"The product arrived broken and support ignored me.",negative
"Waste of money, does not do what it claims.",negative
"Very uncomfortable and poorly built.",negative
"I am returning this immediately, total disaster.",negative
"The interface is clean and easy to navigate.",positive
"Support team resolved my issue within minutes.",positive
"Really pleased with how sturdy this feels.",positive
"A wonderful addition to my daily setup.",positive
"Great performance and no issues so far.",positive
"This did not meet my expectations whatsoever.",negative
"The quality control on this is really lacking.",negative
"I found the setup process confusing and slow.",negative
"Disappointed by the lack of features promised.",negative
"Overpriced for what you actually get.",negative
